{
    "Trang tính1": [
        {
            "id": "1",
            "name": "Gói Tháng",
            "title": "Trọn gói chỉ từ 70.000đ - Sử dụng trên mạng 3G/4G",
            "description": "Gói data tháng  dành cho khách hàng có nhu cầu sử dụng internet thường xuyên tren di động\nGói cước sử dụng chung các mạng 3G/4G. Gói data Mimax70 (70.000đ có 3Gb tốc độ cao sử dụng trong 30 ngày) phù hợp với nhu cầu đọc báo, nghe nhạc, nhắn tin, online, lướt facebook\nGói data Mimax90 (90.000đ có 5GB tốc độ cao sử dụng trong 30 ngày) phù hợp với nhu cầu đọc báo, nghe nhạc, check mail, nhắn tin, online, lướt facebook, video call thoải mái với bạn bè.\nNếu bạn thích xem video trên Youtube, facebook thì gói Mimax125 (125.000đ có 8Gb tốc độ cao sử dụng trong 30 ngày) sẽ đáp ứng nhu cầu của bạn.\nNếu bạn là tín đồ nghiền phim Online hoặc trò chơi trên điện thoại di động thì hãy sử dụng gói data Mimax200 (200.000đ có 15 Gb tốc độ cao) và Umax (300.000đ có 30Gb tốc độ cao) sinh ra dành cho bạn rồi."
        },
        {
            "id": "2",
            "name": "Eco Data",
            "title": "Luôn tốc độ cao",
            "description": "Gói cước Eco Data phù hợp với khách hàng luôn muốn trải nghiệm internet tốc độ cao. Sau khi sử dụng hết lưu lượng của gói cước, Quý khách đăng ký lại chính gói cước hoặc đăng ký các gói mua thêm để tiếp tục truy cập internet."
        },
        {
            "id": "3",
            "name": "Gói Mua Thêm",
            "title": "Gói mua thêm lưu lượng",
            "description": "Quý khách có thể mua thêm lưu lượng tốc độ cao để sử dụng sau khi gói data tháng hết lưu lượng."
        },
        {
            "id": "4",
            "name": "Tomato Data",
            "title": "Không giới hạn thời gian sử dụng",
            "description": "Gói cước Tomato Data phù hợp với khách hàng mới trải nghiệm data 3G/4G trong những tình huống cấp bách ( tìm đường, check mail, chat OTT, gọi xe...) Tomato data giúp bạn luôn an tâm vì luôn có sẵn data không giới hạn thời gian sử dụng."
        },
        {
            "id": "5",
            "name": "Gói Thoại + Data",
            "title": "Lướt web, liên lạc tẹt ga không lo về giá",
            "description": "Gói data tháng  dành cho khách hàng có nhu cầu sử dụng internet thường xuyên tren di động\nGói cước sử dụng chung các mạng 3G/4G"
        },
        {
            "id": "6",
            "name": "Data Theo Ngày",
            "title": "Phù hợp với nhu cầu data không thường xuyên",
            "description": "Gói cước data ngày phù hợp với nhu cầu sử dụng internet thường xuyên ( khi di chuyển/đi du lịch/công tác) hoặc nhu cầu sử dụng internet tăng đột xuất trong ngày (xem phim/chơi game/tải dữ liệu....)"
        },
        {
            "id": "7",
            "name": "Gói Data Only (Dcom)",
            "title": "Chỉ dành cho sim DCOM",
            "description": "Gói data Only phục vụ cho nhu cầu truy cập internet lớn trên các thiết bị di động/máy tính bảng và nhắn tin, không sử dụng để gọi."
        },
        {
            "id": "8",
            "name": "Mua Thêm Data Dcom",
            "title": "Mua thêm khi hết lưu lượng data",
            "description": "Gói data Only phục vụ cho nhu cầu truy cập internet lớn trên các thiết bị di động/máy tính bảng và nhắn tin, không sử dụng để gọi."
        }
    ],
    "Trang tính2": [
        {
            "p_id": "1",
            "id": "1",
            "name": "Mimax70",
            "price": "70,000",
            "description": "Gói cước data trọn gói. Sử dụng trên cả mạng 3G/4G.\n\nVới 70.000đ Quý khách sẽ có 3GB lưu lượng tốc độ cao, sử dụng trong 30 ngày (đối với TB trả trước) hoặc theo chu kỳ tháng (đối với TB trả sau).",
            "data": "3GB",
            "isHot": true,
            "time": "30 ngày",
            "url": "https://shop.viettel.vn/frame/dang-ky-goi-cuoc?code=mimax70&ch=230583"
        },
        {
            "p_id": "1",
            "id": "2",
            "name": "Mimax90",
            "price": "90,000",
            "description": "Gói cước data trọn gói. Sử dụng trên cả mạng 3G/4G.\n\nVới 90.000đ Quý khách sẽ có 5GB lưu lượng tốc độ cao, sử dụng trong 30 ngày (đối với TB trả trước) hoặc theo chu kỳ tháng (đối với TB trả sau)",
            "data": "5GB",
            "isHot": true,
            "time": "30 ngày",
            "url": "https://shop.viettel.vn/frame/dang-ky-goi-cuoc?code=mimax90&ch=230583"
        },
        {
            "p_id": "1",
            "id": "4",
            "name": "Mimax125",
            "price": "125,000",
            "description": "Gói cước data trọn gói. Sử dụng trên cả mạng 3G/4G.\n\nVới 125.000đ Quý khách sẽ có 8GB lưu lượng tốc độ cao, sử dụng trong 30 ngày (đối với TB trả trước) hoặc theo chu kỳ tháng (đối với TB trả sau).",
            "data": "8GB",
            "isHot": false,
            "time": "30 ngày",
            "url": "https://shop.viettel.vn/frame/dang-ky-goi-cuoc?code=mimax125&ch=230583"
        },
        {
            "p_id": "1",
            "id": "5",
            "name": "Mimax200",
            "price": "200,000",
            "description": "Gói cước data trọn gói. Sử dụng trên cả mạng 3G/4G.\n\nVới 200.000đ Quý khách sẽ có 15GB lưu lượng tốc độ cao, sử dụng trong 30 ngày (đối với TB trả trước) hoặc theo chu kỳ tháng (đối với TB trả sau).",
            "data": "15GB",
            "isHot": false,
            "time": "30 ngày",
            "url": "https://shop.viettel.vn/frame/dang-ky-goi-cuoc?code=mimax200&ch=230583"
        },
        {
            "p_id": "1",
            "id": "6",
            "name": "Umax300",
            "price": "300,000",
            "description": "Với 300.000 đồng, Quý khách được truy cập Internet không giới hạn lưu lượng tốc độ cao. Hết 30GB đầu, tốc độ cao giới hạn về 1Mbps. Chu kỳ gói cước 30 ngày, sau 30 ngày hệ thống tự động gia hạn",
            "data": "30GB",
            "isHot": true,
            "time": "30 ngày",
            "url": "https://shop.viettel.vn/frame/dang-ky-goi-cuoc?code=umax300&ch=230583"
        },
        {
            "p_id": "2",
            "id": "1",
            "name": "ECOD50",
            "price": "50,000",
            "description": "Gói cước data trọn gói. Sử dụng trên cả mạng 3G/4G.\n\nVới 50.000đ Quý khách sẽ có 3GB lưu lượng tốc độ cao, sử dụng trong 30 ngày (đối với TB trả trước) hoặc theo chu kỳ tháng (đối với TB trả sau).",
            "data": "3BG",
            "isHot": false,
            "time": "30 ngày",
            "url": "https://shop.viettel.vn/frame/dang-ky-goi-cuoc?code=ecod50&ch=230583"
        },
        {
            "p_id": "3",
            "id": "1",
            "name": "G3",
            "price": "9,000",
            "description": "Gói cước G3 giá 9.000đ có 3GB tốc độ cao sử dụng trong 3 giờ. Hết lưu lượng tốc độ cao KH sẽ truy cập theo gói data chính.",
            "data": "3BG",
            "isHot": false,
            "time": "3 Giờ",
            "url": "https://shop.viettel.vn/frame/dang-ky-goi-cuoc?code=g3&ch=230583"
        },
        {
            "p_id": "3",
            "id": "2",
            "name": "MT20N",
            "price": "20,000",
            "description": "MT20N: 20.000 có 5GB sử dụng đến 24h cùng ngày đăng ký. Hết lưu lượng tốc độ cao KH vẫn truy cập được với tốc độ thông thường.",
            "data": "5GB",
            "isHot": false,
            "time": "24h",
            "url": "https://shop.viettel.vn/frame/dang-ky-goi-cuoc?code=MT20N&ch=230583"
        },
        {
            "p_id": "4",
            "id": "1",
            "name": "TOMD10",
            "price": "10,000",
            "description": "TOMD10: 10.000đ/lần có 200MB, không giới hạn thời gian sử dụng, hết 200MB ngừng truy cập. Gói TOMD10 sẽ bị hủy nếu khách hàng không sử dụng Data trong vòng 60 ngày.",
            "data": "200MB",
            "isHot": false,
            "time": "60 ngày",
            "url": "https://shop.viettel.vn/frame/dang-ky-goi-cuoc?code=TOMD10&ch=230583"
        },
        {
            "p_id": "4",
            "id": "2",
            "name": "TOMD30",
            "price": "30,000",
            "description": "TOMD30: 30.000đ/lần có 1GB, không giới hạn thời gian sử dụng, hết 1GB ngừng truy cập. Gói TOMD30 sẽ bị hủy nếu khách hàng không sử dụng Data trong vòng 60 ngày.",
            "data": "1GB",
            "isHot": false,
            "time": "60 ngày",
            "url": "https://shop.viettel.vn/frame/dang-ky-goi-cuoc?code=TOMD30&ch=230583"
        },
        {
            "p_id": "5",
            "id": "1",
            "name": "VTVUI",
            "price": "200,000",
            "description": "Phạm vi triển khai gói cước: Trên cả nước.\n\nĐối tượng tham gia: Tất cà các khách hàng là thuê bao Viettel trả trước đang hoạt động 02 chiều đồng thời nằm trong danh sách nhận được tin nhắn khuyến mãi mời tham gia gói cước từ tổng đài.\n\nCú pháp đăng ký: Để tham gia sử dụng gói cước, click đăng ký ngay.\n\nCước phí gói: 100.000đ/lần đăng ký trừ vào tài khoản chính.\n\nKhách hàng được thoải mái nhắn tin, gọi thoại và truy cập 3G tốc độ cao với 100 sms nội mạng + 250 phút gọi nội mạng + 2.5GB.\n\nThời hạn sử dụng: Trong vòng 30 ngày tính từ lúc thuê bao đăng ký thành công.\n\nTính năng gói: Tự gia hạn khi bước qua chu kỳ mới.",
            "data": "250P nội mạng + 2.5GB",
            "isHot": false,
            "time": "30 ngày",
            "url": "https://shop.viettel.vn/frame/dang-ky-goi-cuoc?code=VTVUI&ch=230583"
        },
        {
            "p_id": "5",
            "id": "2",
            "name": "B100K",
            "price": "100,000",
            "description": "Dành cho thuê bao di động  trả trước nằm trong danh sách.\nSố dư tài khoản từ 100.000đ trở lên.\n\nThông tin ưu đãi từ gói B100K của Viettel:\nCước phí:  100.000đ/lần đăng ký thành công.\nThời gian sử dụng: 30 ngày.\n\nNhững ưu đãi của gói B100K Viettel:\nMiễn phí 500 phút gọi nội mạng Viettel.\nMiễn phí 600Mb data tốc độ cao.",
            "data": "500P nội mạng + 600Mb",
            "isHot": true,
            "time": "30 ngày",
            "url": "https://shop.viettel.vn/frame/dang-ky-goi-cuoc?code=b100k&ch=230583"
        },
        {
            "p_id": "5",
            "id": "3",
            "name": "B150K",
            "price": "150,000",
            "description": "Dành cho thuê bao di động  trả trước nằm trong danh sách.\nSố dư tài khoản từ 150.000đ trở lên.\n\nThông tin ưu đãi từ gói B150K của Viettel:\nCước phí:  150.000đ/lần đăng ký thành công.\nThời gian sử dụng: 30 ngày.\n\nNhững ưu đãi của gói B150K Viettel:\nMiễn phí 500 phút gọi nội mạng Viettel.\nMiễn phí 500 sms nội mạng Viettel.\nMiễn phí 1.5GB data tốc độ cao.",
            "data": "500P nội mạng + 1.5GB",
            "isHot": false,
            "time": "30 ngày",
            "url": "https://shop.viettel.vn/frame/dang-ky-goi-cuoc?code=b150k&ch=230583"
        },
        {
            "p_id": "5",
            "id": "4",
            "name": "VTTRE",
            "price": "50,000",
            "description": "Tặng ngay 1GB data tốc độ cao truy cập Internet trên điện thoại. \nTặng ngay 100 phút thoại nội mạng.\nNgay khi hết 1GB miễn phí thuê bao bạn sẽ tự động ngắt kết nối để tiết kiệm tiền ( Nếu bạn muốn tiếp tục truy cập Internet bạn có thể đăng ký mua thêm các gói Max10, Max20, Max30,MAX15, MAX45, MAX65, MT7, MT10 )",
            "data": "100P nội mạng + 1GB",
            "isHot": false,
            "time": "30 ngày",
            "url": "https://shop.viettel.vn/frame/dang-ky-goi-cuoc?code=VTTRE&ch=230583"
        },
        {
            "p_id": "6",
            "id": "1",
            "name": "MI5D",
            "price": "5,000",
            "description": "MI5D: 5.000đ/lần có 500MB sử dụng đến 24h ngày đăng ký. Hết 500MB tính cước theo gói Mobile Internet đang sử dụng",
            "data": "500MB",
            "isHot": false,
            "time": "24h",
            "url": "https://shop.viettel.vn/frame/dang-ky-goi-cuoc?code=MI5D&ch=230583"
        },
        {
            "p_id": "6",
            "id": "2",
            "name": "MI10D",
            "price": "10,000",
            "description": "MI10D: 10.000đ/lần có 1GB sử dụng đến 24h ngày đăng ký. Hết 1GB tính cước theo gói Mobile Internet đang sử dụng (nếu có)",
            "data": "1GB",
            "isHot": false,
            "time": "24h",
            "url": "https://shop.viettel.vn/frame/dang-ky-goi-cuoc?code=MI10D&ch=230583"
        },
        {
            "p_id": "6",
            "id": "3",
            "name": "MI7D",
            "price": "7,000",
            "description": "MI7D: 7.000đ/lần có 700MB sử dụng đến 24h ngày đăng ký. Hết 700MB tính cước theo gói Mobile Internet đang sử dụng",
            "data": "700MB",
            "isHot": false,
            "time": "24h",
            "url": "https://shop.viettel.vn/frame/dang-ky-goi-cuoc?code=MI7D&ch=230583"
        },
        {
            "p_id": "7",
            "id": "1",
            "name": "D300",
            "price": "300,000",
            "description": "Cước thuê bao: 300.000đ/180 ngày:\n\nMiễn phí 45GB lưu lượng Data/180 ngày. Hết 45GB ngừng truy cập.\n\nKhách hàng đăng kí gói cước D300 có thể mua thêm gói D5 khi sử dụng hết 45GB lưu lượng data.\n\nGói cước không gia hạn tự động sau khi hết chu kỳ 180 ngày, hệ thống có nhắn tin thông báo hết hạn cho khách hàng vào ngày cuối cùng của chu kỳ. KH muốn sử dụng tiếp phải soạn tin đăng ký lại.\n\nKhách hàng đăng kí gói cước D300 có thể mua thêm gói D5.",
            "data": "45GB",
            "isHot": true,
            "time": "180 ngày",
            "url": "https://shop.viettel.vn/frame/dang-ky-goi-cuoc?code=D300&ch=230583"
        },
        {
            "p_id": "7",
            "id": "2",
            "name": "D50",
            "price": "50,000",
            "description": "Là gói cước trọn gói dành cho thuê bao Dcom trả trước. Với 50.000đ Quý khách có 3.5GB sử dụng trong 30 ngày. Hết dung lượng miễn phí sẽ truy cập với tốc độ bình thường",
            "data": "3.5GB",
            "isHot": false,
            "time": "30 ngày",
            "url": "https://shop.viettel.vn/frame/dang-ky-goi-cuoc?code=D50&ch=230583"
        },
        {
            "p_id": "7",
            "id": "3",
            "name": "D70",
            "price": "70,000",
            "description": "Là gói cước trọn gói dành cho thuê bao Dcom trả trước. Với 70.000đ Quý khách có 7GB sử dụng trong 30 ngày. Hết dung lượng miễn phí sẽ truy cập với tốc độ bình thường",
            "data": "7GB",
            "isHot": true,
            "time": "30 ngày",
            "url": "https://shop.viettel.vn/frame/dang-ky-goi-cuoc?code=D70&ch=230583"
        },
        {
            "p_id": "7",
            "id": "4",
            "name": "D90",
            "price": "90,000",
            "description": "Là gói cước trọn gói dành cho thuê bao Dcom trả trước. Với 90.000đ Quý khách có 10GB sử dụng trong 30 ngày. Hết dung lượng miễn phí sẽ truy cập với tốc độ bình thường",
            "data": "10GB",
            "isHot": true,
            "time": "30 ngày",
            "url": "https://shop.viettel.vn/frame/dang-ky-goi-cuoc?code=D90&ch=230583"
        },
        {
            "p_id": "7",
            "id": "5",
            "name": "D120",
            "price": "120,000",
            "description": "Là gói cước trọn gói dành cho thuê bao Dcom trả trước. Với 120.000đ Quý khách có 12GB sử dụng trong 30 ngày. Hết dung lượng miễn phí sẽ truy cập với tốc độ bình thường",
            "data": "12GB",
            "isHot": false,
            "time": "30 ngày",
            "url": "https://shop.viettel.vn/frame/dang-ky-goi-cuoc?code=D120&ch=230583"
        },
        {
            "p_id": "7",
            "id": "6",
            "name": "D200",
            "price": "200,000",
            "description": "Là gói cước trọn gói dành cho thuê bao Dcom trả trước. Với 200.000đ Quý khách có 20GB sử dụng trong 30 ngày. Hết dung lượng miễn phí sẽ truy cập với tốc độ bình thường",
            "data": "20GB",
            "isHot": false,
            "time": "30 ngày",
            "url": "https://shop.viettel.vn/frame/dang-ky-goi-cuoc?code=D200&ch=230583"
        },
        {
            "p_id": "7",
            "id": "7",
            "name": "D500",
            "price": "500,000",
            "description": "Với 500.000đ Quý khách có 48GB tốc độ cao trong vòng 12 tháng tính từ tháng đăng ký, hết tốc độ cao miễn phí sử dụng tốc độ thường",
            "data": "48GB",
            "isHot": true,
            "time": "12 tháng",
            "url": "https://shop.viettel.vn/frame/dang-ky-goi-cuoc?code=D500&ch=230583"
        },
        {
            "p_id": "7",
            "id": "8",
            "name": "D900",
            "price": "900,000",
            "description": "Là gói cước trọn gói dành cho thuê bao Dcom trả trước. Với 900.000đ Quý khách có 84GB trong vòng 12 tháng tính từ tháng đăng ký, hết tốc độ cao miễn phí sử dụng tốc độ thường.",
            "data": "84GB",
            "isHot": true,
            "time": "12 tháng",
            "url": "https://shop.viettel.vn/frame/dang-ky-goi-cuoc?code=D900&ch=230583"
        },
        {
            "p_id": "8",
            "id": "1",
            "name": "D5",
            "price": "5,000",
            "description": "Cước thuê bao: 5.000đ.\n\nMiễn phí 1GB lưu lượng Data đến 24h ngày đăng kí. Hết 1GB tính theo lưu lượng gói D300K.\n\nGói cước không tự động gia hạn, khách hàng có thể đăng kí gói D5 nhiều lần trong chu kì gói cước D300K.Không cộng dồn lưu lượng của lần đăng ký trước nếu còn\n\nThuê bao có thể đăng ký gói D5 khi đã sử dụng hết hoặc chưa hết lưu lượng miễn phí của gói D300K.Không cộng dồn lưu lượng của lần đăng ký trước nếu còn.",
            "data": "1GB",
            "isHot": false,
            "time": "24h",
            "url": "https://shop.viettel.vn/frame/dang-ky-goi-cuoc?code=D5&ch=230583"
        }
    ]
}